<?xml version="1.0" encoding="utf-8"?>
<!DOCTYPE rrd SYSTEM "https://oss.oetiker.ch/rrdtool/rrdtool.dtd">
<!-- Round Robin Database Dump -->
<rrd>
	<version>0003</version>
	<step>60</step> <!-- Seconds -->
	<lastupdate>1651029628</lastupdate> <!-- 2022-04-26 22:20:28 CDT -->

	<ds>
		<name> CPUload </name>
		<type> GAUGE </type>
		<minimal_heartbeat>600</minimal_heartbeat>
		<min>NaN</min>
		<max>NaN</max>

		<!-- PDP Status -->
		<last_ds>7</last_ds>
		<value>2.1222587000e+02</value>
		<unknown_sec> 0 </unknown_sec>
	</ds>

	<ds>
		<name> RAMUso </name>
		<type> COUNTER </type>
		<minimal_heartbeat>600</minimal_heartbeat>
		<min>NaN</min>
		<max>NaN</max>

		<!-- PDP Status -->
		<last_ds>998484</last_ds>
		<value>4.2949660670e+09</value>
		<unknown_sec> 0 </unknown_sec>
	</ds>

	<!-- Round Robin Archives -->
	<rra>
		<cf>AVERAGE</cf>
		<pdp_per_row>1</pdp_per_row> <!-- 60 seconds -->

		<params>
		<xff>5.0000000000e-01</xff>
		</params>
		<cdp_prep>
			<ds>
			<primary_value>7.3389912833e+00</primary_value>
			<secondary_value>0.0000000000e+00</secondary_value>
			<value>NaN</value>
			<unknown_datapoints>0</unknown_datapoints>
			</ds>
			<ds>
			<primary_value>6.4424497900e+08</primary_value>
			<secondary_value>0.0000000000e+00</secondary_value>
			<value>NaN</value>
			<unknown_datapoints>0</unknown_datapoints>
			</ds>
		</cdp_prep>
		<database>
			<!-- 2022-04-26 21:57:00 CDT / 1651028220 --> <row><v>NaN</v><v>NaN</v></row>
			<!-- 2022-04-26 21:58:00 CDT / 1651028280 --> <row><v>NaN</v><v>NaN</v></row>
			<!-- 2022-04-26 21:59:00 CDT / 1651028340 --> <row><v>NaN</v><v>NaN</v></row>
			<!-- 2022-04-26 22:00:00 CDT / 1651028400 --> <row><v>NaN</v><v>NaN</v></row>
			<!-- 2022-04-26 22:01:00 CDT / 1651028460 --> <row><v>NaN</v><v>NaN</v></row>
			<!-- 2022-04-26 22:02:00 CDT / 1651028520 --> <row><v>NaN</v><v>NaN</v></row>
			<!-- 2022-04-26 22:03:00 CDT / 1651028580 --> <row><v>NaN</v><v>NaN</v></row>
			<!-- 2022-04-26 22:04:00 CDT / 1651028640 --> <row><v>NaN</v><v>NaN</v></row>
			<!-- 2022-04-26 22:05:00 CDT / 1651028700 --> <row><v>NaN</v><v>NaN</v></row>
			<!-- 2022-04-26 22:06:00 CDT / 1651028760 --> <row><v>NaN</v><v>NaN</v></row>
			<!-- 2022-04-26 22:07:00 CDT / 1651028820 --> <row><v>NaN</v><v>NaN</v></row>
			<!-- 2022-04-26 22:08:00 CDT / 1651028880 --> <row><v>NaN</v><v>NaN</v></row>
			<!-- 2022-04-26 22:09:00 CDT / 1651028940 --> <row><v>NaN</v><v>NaN</v></row>
			<!-- 2022-04-26 22:10:00 CDT / 1651029000 --> <row><v>NaN</v><v>NaN</v></row>
			<!-- 2022-04-26 22:11:00 CDT / 1651029060 --> <row><v>NaN</v><v>NaN</v></row>
			<!-- 2022-04-26 22:12:00 CDT / 1651029120 --> <row><v>NaN</v><v>NaN</v></row>
			<!-- 2022-04-26 22:13:00 CDT / 1651029180 --> <row><v>NaN</v><v>NaN</v></row>
			<!-- 2022-04-26 22:14:00 CDT / 1651029240 --> <row><v>NaN</v><v>NaN</v></row>
			<!-- 2022-04-26 22:15:00 CDT / 1651029300 --> <row><v>NaN</v><v>NaN</v></row>
			<!-- 2022-04-26 22:16:00 CDT / 1651029360 --> <row><v>NaN</v><v>NaN</v></row>
			<!-- 2022-04-26 22:17:00 CDT / 1651029420 --> <row><v>NaN</v><v>NaN</v></row>
			<!-- 2022-04-26 22:18:00 CDT / 1651029480 --> <row><v>NaN</v><v>NaN</v></row>
			<!-- 2022-04-26 22:19:00 CDT / 1651029540 --> <row><v>7.3061212439e+00</v><v>4.1902143393e+08</v></row>
			<!-- 2022-04-26 22:20:00 CDT / 1651029600 --> <row><v>7.3389912833e+00</v><v>6.4424497900e+08</v></row>
		</database>
	</rra>
	<rra>
		<cf>AVERAGE</cf>
		<pdp_per_row>1</pdp_per_row> <!-- 60 seconds -->

		<params>
		<xff>5.0000000000e-01</xff>
		</params>
		<cdp_prep>
			<ds>
			<primary_value>7.3389912833e+00</primary_value>
			<secondary_value>0.0000000000e+00</secondary_value>
			<value>NaN</value>
			<unknown_datapoints>0</unknown_datapoints>
			</ds>
			<ds>
			<primary_value>6.4424497900e+08</primary_value>
			<secondary_value>0.0000000000e+00</secondary_value>
			<value>NaN</value>
			<unknown_datapoints>0</unknown_datapoints>
			</ds>
		</cdp_prep>
		<database>
			<!-- 2022-04-26 21:57:00 CDT / 1651028220 --> <row><v>NaN</v><v>NaN</v></row>
			<!-- 2022-04-26 21:58:00 CDT / 1651028280 --> <row><v>NaN</v><v>NaN</v></row>
			<!-- 2022-04-26 21:59:00 CDT / 1651028340 --> <row><v>NaN</v><v>NaN</v></row>
			<!-- 2022-04-26 22:00:00 CDT / 1651028400 --> <row><v>NaN</v><v>NaN</v></row>
			<!-- 2022-04-26 22:01:00 CDT / 1651028460 --> <row><v>NaN</v><v>NaN</v></row>
			<!-- 2022-04-26 22:02:00 CDT / 1651028520 --> <row><v>NaN</v><v>NaN</v></row>
			<!-- 2022-04-26 22:03:00 CDT / 1651028580 --> <row><v>NaN</v><v>NaN</v></row>
			<!-- 2022-04-26 22:04:00 CDT / 1651028640 --> <row><v>NaN</v><v>NaN</v></row>
			<!-- 2022-04-26 22:05:00 CDT / 1651028700 --> <row><v>NaN</v><v>NaN</v></row>
			<!-- 2022-04-26 22:06:00 CDT / 1651028760 --> <row><v>NaN</v><v>NaN</v></row>
			<!-- 2022-04-26 22:07:00 CDT / 1651028820 --> <row><v>NaN</v><v>NaN</v></row>
			<!-- 2022-04-26 22:08:00 CDT / 1651028880 --> <row><v>NaN</v><v>NaN</v></row>
			<!-- 2022-04-26 22:09:00 CDT / 1651028940 --> <row><v>NaN</v><v>NaN</v></row>
			<!-- 2022-04-26 22:10:00 CDT / 1651029000 --> <row><v>NaN</v><v>NaN</v></row>
			<!-- 2022-04-26 22:11:00 CDT / 1651029060 --> <row><v>NaN</v><v>NaN</v></row>
			<!-- 2022-04-26 22:12:00 CDT / 1651029120 --> <row><v>NaN</v><v>NaN</v></row>
			<!-- 2022-04-26 22:13:00 CDT / 1651029180 --> <row><v>NaN</v><v>NaN</v></row>
			<!-- 2022-04-26 22:14:00 CDT / 1651029240 --> <row><v>NaN</v><v>NaN</v></row>
			<!-- 2022-04-26 22:15:00 CDT / 1651029300 --> <row><v>NaN</v><v>NaN</v></row>
			<!-- 2022-04-26 22:16:00 CDT / 1651029360 --> <row><v>NaN</v><v>NaN</v></row>
			<!-- 2022-04-26 22:17:00 CDT / 1651029420 --> <row><v>NaN</v><v>NaN</v></row>
			<!-- 2022-04-26 22:18:00 CDT / 1651029480 --> <row><v>NaN</v><v>NaN</v></row>
			<!-- 2022-04-26 22:19:00 CDT / 1651029540 --> <row><v>7.3061212439e+00</v><v>4.1902143393e+08</v></row>
			<!-- 2022-04-26 22:20:00 CDT / 1651029600 --> <row><v>7.3389912833e+00</v><v>6.4424497900e+08</v></row>
		</database>
	</rra>
</rrd>
